{"cameraMode":{"drawMode":0,"name":"Shaded","section":"Shading Mode"},"sceneLighting":true,"audioPlay":false,"sceneViewState":{"showFog":true,"showMaterialUpdate":true,"showSkybox":true,"showFlares":true,"showImageEffects":true,"showParticleSystems":true},"in2DMode":false,"pivot":{"x":0.177873894572258,"y":0.4069836437702179,"z":0.6222460865974426},"rotation":{"x":-0.12026478350162506,"y":0.4074541926383972,"z":-0.05422835052013397,"w":-0.903658390045166},"size":0.6259971857070923,"orthographic":false}